intervention_group,CVD Rate (%),Mean Adherence (%),Dropout Rate (%)
control,33.2977207977208,60.95477207977208,15.669515669515668
treatment a,31.931236283833208,60.321872713972205,14.923189465983908
treatment b,33.560660445082554,61.13603732950467,14.07035175879397
