patient_id,age,age,bmi,bmi
count,mean,std,mean,std
2434,81.30073952341824,13.730897632793098,26.294371405094495,3.762968417955342
2042,80.37316356513222,13.426695920193888,26.166650342801177,3.6391293686345367
1738,80.87802071346375,13.35714929112958,26.299367088607596,3.726802307957954
1269,80.55949566587864,13.37793153336408,26.26650906225374,3.666039757566495
845,80.57633136094674,13.731097590051224,26.3607100591716,3.605507828172069
